"","site","Tmin","Tavg","Tmax","srad"
"1",1,19.8029128086111,20.234085648125,20.6649112654514,218.994444444444
"2",2,25.7904040404545,26.3266203701894,26.8581649830303,274.285946969697
